GenTrk, Raggio, Eff, Eff_real, fake_reco_trk, GenTrk, RecoTrk, RecoReal, RealTime, CPUTime, eff3hit, eff2hit, fake3, fake2
10,0.4,0.987881,0.982481,0.005400,8.334000,8.233000,8.188000,0.002345,0.002360,0.777418,0.205064,0.002280,0.003120
10,0.4,0.987761,0.983081,0.004680,8.334000,8.232000,8.193000,0.002166,0.002080,0.780898,0.202184,0.000840,0.003840
